Sample	Mut_type	Chr	Pos	Ref	Alt	SimpleRepeat_TRF	Neighborhood_sequence
sample	2-snv	chr11	17719997	CC	GG	N	ccccgcggcggtgcacccggGGccgggcgcacgtgaggacga
sample	2-snv	chr11	69295601	CT	AA	N	cttgtctgtagtctgtccccAAtggggacagggactcgttgc
sample	2-snv	chr15	98707826	TC	CG	N	caactacgccctggtcatctCGgagatgaccaatctcaagga
sample	1-ins	chr2	47783391	C	CA	N	ggatgcggcctggagcgaggcAtgggcctgggcccaggccct
sample	2-del	chr2	60920434	cAG	c	N	tggtcttgaactcctgacatcgtgatccacccaccttggcc
sample	1-snv	chr3	72446880	G	C	N	ctcgcacaccaggcggtggcCgcggcgccccgggaagggcc
sample	2-snv	chr3	179198865	CAC	AAG	N	caggtgaactgtggggcatcAAGttgatgcccccaagaatcct
sample	2-del	chr3	181742887	TTA	T	Y	gggggaaaggacagagcagtttatatatatatatatatata
sample	1-snv	chr5	180618885	G	A	N	agcctggcgagctccaccatAgcgcggaagcgtccgcgctg
sample	2-snv	chr6	29725282	CC	GG	N	atgtgcagcacgaggggctgGGccagcccctcatcctgagat
sample	2-snv	chr6	88143884	GA	TC	N	cctcggcagacgtgtctgtgTCcacagacatggttaccttgg
sample	2-snv	chr7	64068966	CG	AA	N	gcctggactctgctcagcagAAtttgtatagggatgtgatgt
sample	2-snv	chr8	23681315	GC	CA	N	ccagggaggcccgggagaagCActcctctttcagggccggca